# SOURMASH-MANIFEST-VERSION: 1.0
internal_location,md5,md5short,ksize,moltype,num,scaled,n_hashes,with_abundance,name,filename
../wort.sigs/GCA_003543655.1.sig,961c26a7b5322e18bfe3b37e158ad7ab,961c26a7,21,DNA,0,1000,4634,1,"GCA_003543655.1 Shigella sp., ASM354365v1",/dev/fd/63
../wort.sigs/GCA_003543655.1.sig,3178e0efab14400876f78d7c053bbb75,3178e0ef,31,DNA,0,1000,4358,1,"GCA_003543655.1 Shigella sp., ASM354365v1",/dev/fd/63
../wort.sigs/GCA_003543655.1.sig,06b59dd50bf27ed2864cb5910e191864,06b59dd5,51,DNA,0,1000,4476,1,"GCA_003543655.1 Shigella sp., ASM354365v1",/dev/fd/63
../wort.sigs/GCF_000168095.1.sig,6b3a8a124782d18d5f913c1eeb56fa94,6b3a8a12,21,DNA,0,1000,5024,1,"GCF_000168095.1 Escherichia coli 101-1 strain=101-1, ASM16809v1",/dev/fd/63
../wort.sigs/GCF_000168095.1.sig,5a676a4a2f81ccde0c7e488804695be8,5a676a4a,31,DNA,0,1000,4771,1,"GCF_000168095.1 Escherichia coli 101-1 strain=101-1, ASM16809v1",/dev/fd/63
../wort.sigs/GCF_000168095.1.sig,40929d03f7ee5e118fac9a565e8da50d,40929d03,51,DNA,0,1000,4924,1,"GCF_000168095.1 Escherichia coli 101-1 strain=101-1, ASM16809v1",/dev/fd/63
../wort.sigs/GCF_000356585.2.sig,35b7ee3da7e3e8f518ed739b4f29b00e,35b7ee3d,21,DNA,0,1000,4853,1,"GCF_000356585.2 Escherichia coli P0305260.1 strain=P0305260.1, ASM35658v2",/dev/fd/63
../wort.sigs/GCF_000356585.2.sig,a1c7feb39ef0ae44b595884ac9b5b5b1,a1c7feb3,31,DNA,0,1000,4637,1,"GCF_000356585.2 Escherichia coli P0305260.1 strain=P0305260.1, ASM35658v2",/dev/fd/63
../wort.sigs/GCF_000356585.2.sig,4cbc1460ad58a43fcabbe58e9c99a15c,4cbc1460,51,DNA,0,1000,4726,1,"GCF_000356585.2 Escherichia coli P0305260.1 strain=P0305260.1, ASM35658v2",/dev/fd/63
../wort.sigs/GCF_001441335.1.sig,a2c5ece90d2f9b9d0aa1eaec6c369c51,a2c5ece9,21,DNA,0,1000,4954,1,"GCF_001441335.1 Escherichia coli VL2874 strain=VL2874, ASM144133v1",/dev/fd/63
../wort.sigs/GCF_001441335.1.sig,468b829f64cc39c6dc385faad6b5edcd,468b829f,31,DNA,0,1000,4664,1,"GCF_001441335.1 Escherichia coli VL2874 strain=VL2874, ASM144133v1",/dev/fd/63
../wort.sigs/GCF_001441335.1.sig,6e78b6cb3ca0e72a7abf32db5d4b4511,6e78b6cb,51,DNA,0,1000,4764,1,"GCF_001441335.1 Escherichia coli VL2874 strain=VL2874, ASM144133v1",/dev/fd/63
../wort.sigs/GCF_001614695.1.sig,3f20799410f3edb083e1d7eafcdf9dc5,3f207994,21,DNA,0,1000,5183,1,"GCF_001614695.1 Escherichia coli strain=cattle15, ASM161469v1",/dev/fd/63
../wort.sigs/GCF_001614695.1.sig,e51b2524c4ad0b737c990f3507d0a61a,e51b2524,31,DNA,0,1000,4917,1,"GCF_001614695.1 Escherichia coli strain=cattle15, ASM161469v1",/dev/fd/63
../wort.sigs/GCF_001614695.1.sig,ff5a94ea89477e1d3e68c1fb8b2f9cc2,ff5a94ea,51,DNA,0,1000,5089,1,"GCF_001614695.1 Escherichia coli strain=cattle15, ASM161469v1",/dev/fd/63
../wort.sigs/GCF_002015275.1.sig,b4f4caf935d1e96330ec5c4a9d4282e0,b4f4caf9,21,DNA,0,1000,5204,1,"GCF_002015275.1 Escherichia coli strain=UMDKSU-2013-3-134A, ASM201527v1",/dev/fd/63
../wort.sigs/GCF_002015275.1.sig,8def0e4d0009b4f033a33c3379b7dbdd,8def0e4d,31,DNA,0,1000,4937,1,"GCF_002015275.1 Escherichia coli strain=UMDKSU-2013-3-134A, ASM201527v1",/dev/fd/63
../wort.sigs/GCF_002015275.1.sig,0f8a25f1d1a2e484cc08d189803a4b96,0f8a25f1,51,DNA,0,1000,5088,1,"GCF_002015275.1 Escherichia coli strain=UMDKSU-2013-3-134A, ASM201527v1",/dev/fd/63
../wort.sigs/GCF_002223415.1.sig,1d6d2cf6660bca37cf90a7c65bd12055,1d6d2cf6,21,DNA,0,1000,5081,1,"GCF_002223415.1 Escherichia coli strain=FC10270, ASM222341v1",/dev/fd/63
../wort.sigs/GCF_002223415.1.sig,be6d7c2818766c8783b51cf22e4c8b51,be6d7c28,31,DNA,0,1000,4854,1,"GCF_002223415.1 Escherichia coli strain=FC10270, ASM222341v1",/dev/fd/63
../wort.sigs/GCF_002223415.1.sig,ccae32d85164a246da9a70ac085adada,ccae32d8,51,DNA,0,1000,4901,1,"GCF_002223415.1 Escherichia coli strain=FC10270, ASM222341v1",/dev/fd/63
../wort.sigs/GCF_002310555.1.sig,2ffa1dc0a902f70984ec8f11205d7975,2ffa1dc0,21,DNA,0,1000,5082,1,"GCF_002310555.1 Escherichia coli strain=1943, ASM231055v1",/dev/fd/63
../wort.sigs/GCF_002310555.1.sig,e9a9453863e66f6c40387faab2f5c515,e9a94538,31,DNA,0,1000,4819,1,"GCF_002310555.1 Escherichia coli strain=1943, ASM231055v1",/dev/fd/63
../wort.sigs/GCF_002310555.1.sig,489b91e60cb428640e15c98b058ebc68,489b91e6,51,DNA,0,1000,5023,1,"GCF_002310555.1 Escherichia coli strain=1943, ASM231055v1",/dev/fd/63
../wort.sigs/GCF_002459845.1.sig,a06506028f4d02f2420eb5b636c8d14d,a0650602,21,DNA,0,1000,5377,1,"GCF_002459845.1 Escherichia coli strain=MOD1-EC1678, ASM245984v1",/dev/fd/63
../wort.sigs/GCF_002459845.1.sig,37ac33398af47325683505dcb8510927,37ac3339,31,DNA,0,1000,5147,1,"GCF_002459845.1 Escherichia coli strain=MOD1-EC1678, ASM245984v1",/dev/fd/63
../wort.sigs/GCF_002459845.1.sig,0beb64ab60d8c4be814c13fa66858ca8,0beb64ab,51,DNA,0,1000,5222,1,"GCF_002459845.1 Escherichia coli strain=MOD1-EC1678, ASM245984v1",/dev/fd/63
../wort.sigs/GCF_003982995.1.sig,5412b3190a99e153ecb57bb507c0a28a,5412b319,21,DNA,0,1000,5264,1,"GCF_003982995.1 Escherichia coli strain=203886, ASM398299v1",/dev/fd/63
../wort.sigs/GCF_003982995.1.sig,3b19dbdc815ddb29aa73f9ede63caa88,3b19dbdc,31,DNA,0,1000,4956,1,"GCF_003982995.1 Escherichia coli strain=203886, ASM398299v1",/dev/fd/63
../wort.sigs/GCF_003982995.1.sig,21927e5d0660ea98b41325a5fcdbcf2d,21927e5d,51,DNA,0,1000,5182,1,"GCF_003982995.1 Escherichia coli strain=203886, ASM398299v1",/dev/fd/63
../wort.sigs/GCF_013370615.1.sig,2e2cf0db0e31ae2fd85a396344cbf741,2e2cf0db,21,DNA,0,1000,4824,1,"GCF_013370615.1 Escherichia coli strain=ME2L-18-60, ASM1337061v1",/dev/fd/63
../wort.sigs/GCF_013370615.1.sig,c8d4a17c73dbda2371a7383fcbe3eb62,c8d4a17c,31,DNA,0,1000,4616,1,"GCF_013370615.1 Escherichia coli strain=ME2L-18-60, ASM1337061v1",/dev/fd/63
../wort.sigs/GCF_013370615.1.sig,01f257f4e3b2aabfc825b5e730dbd191,01f257f4,51,DNA,0,1000,4656,1,"GCF_013370615.1 Escherichia coli strain=ME2L-18-60, ASM1337061v1",/dev/fd/63
../wort.sigs/GCF_014075335.1.sig,12799206795148077d359094038e6f4b,12799206,21,DNA,0,1000,4963,1,"GCF_014075335.1 Escherichia coli strain=90-1, ASM1407533v1",/dev/fd/63
../wort.sigs/GCF_014075335.1.sig,f38cf29c1b865a163a727e04299b7c84,f38cf29c,31,DNA,0,1000,4743,1,"GCF_014075335.1 Escherichia coli strain=90-1, ASM1407533v1",/dev/fd/63
../wort.sigs/GCF_014075335.1.sig,524be1cf4de3250a4efa6d5eb5438a8d,524be1cf,51,DNA,0,1000,4921,1,"GCF_014075335.1 Escherichia coli strain=90-1, ASM1407533v1",/dev/fd/63
../wort.sigs/GCF_014528595.1.sig,e3268084d31b1bc4210d600680d4f339,e3268084,21,DNA,0,1000,4852,1,"GCF_014528595.1 Escherichia coli strain=SAX-P76, ASM1452859v1",/dev/fd/63
../wort.sigs/GCF_014528595.1.sig,2079a3dcee039314f27f6ca3000b82b4,2079a3dc,31,DNA,0,1000,4600,1,"GCF_014528595.1 Escherichia coli strain=SAX-P76, ASM1452859v1",/dev/fd/63
../wort.sigs/GCF_014528595.1.sig,1925521aa6c980bd57838dd5b5ed3c30,1925521a,51,DNA,0,1000,4786,1,"GCF_014528595.1 Escherichia coli strain=SAX-P76, ASM1452859v1",/dev/fd/63
../wort.sigs/GCF_900013275.1.sig,1a4b1301640dde71c2882044f31b742f,1a4b1301,21,DNA,0,1000,5853,1,"GCF_900013275.1 Escherichia coli strain=ED017, ED017_contigs",/dev/fd/63
../wort.sigs/GCF_900013275.1.sig,b3635c7955bdb12f98f51e9a91a3ce4d,b3635c79,31,DNA,0,1000,5622,1,"GCF_900013275.1 Escherichia coli strain=ED017, ED017_contigs",/dev/fd/63
../wort.sigs/GCF_900013275.1.sig,2d2d668dea415cbb8c229f706d261f5e,2d2d668d,51,DNA,0,1000,5667,1,"GCF_900013275.1 Escherichia coli strain=ED017, ED017_contigs",/dev/fd/63
../wort.sigs/GCF_900159895.1.sig,f83db13f18ba254b0c5ea7b4b0b40840,f83db13f,21,DNA,0,1000,4580,1,"GCF_900159895.1 Shigella sonnei strain=sh1403, 8403_8#19",/dev/fd/63
../wort.sigs/GCF_900159895.1.sig,0cd9544e8f4b11388866b464804bef7f,0cd9544e,31,DNA,0,1000,4338,1,"GCF_900159895.1 Shigella sonnei strain=sh1403, 8403_8#19",/dev/fd/63
../wort.sigs/GCF_900159895.1.sig,415796aca322c997454de7a67746d5b0,415796ac,51,DNA,0,1000,4550,1,"GCF_900159895.1 Shigella sonnei strain=sh1403, 8403_8#19",/dev/fd/63
../wort.sigs/GCF_900160255.1.sig,9804fb1981ac7f7c436e92d6c6a42c92,9804fb19,21,DNA,0,1000,4711,1,"GCF_900160255.1 Shigella sonnei strain=sh1440, 8403_8#56",/dev/fd/63
../wort.sigs/GCF_900160255.1.sig,54b93ec2d5c910f96c9674778c8aeeff,54b93ec2,31,DNA,0,1000,4458,1,"GCF_900160255.1 Shigella sonnei strain=sh1440, 8403_8#56",/dev/fd/63
../wort.sigs/GCF_900160255.1.sig,9f1a0dbd667215da7ad9fc22c85bfe30,9f1a0dbd,51,DNA,0,1000,4634,1,"GCF_900160255.1 Shigella sonnei strain=sh1440, 8403_8#56",/dev/fd/63
../wort.sigs/GCF_900196445.1.sig,95474ba30f3c27dce60dae10de2dcb32,95474ba3,21,DNA,0,1000,5709,1,"GCF_900196445.1 Escherichia coli, F2_68",/dev/fd/63
../wort.sigs/GCF_900196445.1.sig,2db2913445af8ca4697c9d9fe8f954af,2db29134,31,DNA,0,1000,5516,1,"GCF_900196445.1 Escherichia coli, F2_68",/dev/fd/63
../wort.sigs/GCF_900196445.1.sig,f1b1acbdeda9392b48f4cd5f4d1672ec,f1b1acbd,51,DNA,0,1000,5545,1,"GCF_900196445.1 Escherichia coli, F2_68",/dev/fd/63
../wort.sigs/GCF_900478355.1.sig,4784d72a9baba33a98428f2e4ab6cffc,4784d72a,21,DNA,0,1000,5118,1,"GCF_900478355.1 Escherichia coli strain=VREC0069, 17261_7#5",/dev/fd/63
../wort.sigs/GCF_900478355.1.sig,0f6687c9fb2edd2cd4dd1ef5b3a5011f,0f6687c9,31,DNA,0,1000,4959,1,"GCF_900478355.1 Escherichia coli strain=VREC0069, 17261_7#5",/dev/fd/63
../wort.sigs/GCF_900478355.1.sig,e50979cb522b82741d475628dada8231,e50979cb,51,DNA,0,1000,5104,1,"GCF_900478355.1 Escherichia coli strain=VREC0069, 17261_7#5",/dev/fd/63
